Image,Nom,Auteur,Date,Lien internet,,,,,,,,,,,,,,,,Date
https://specials-images.forbesimg.com/imageserve/5ebb94a99144ca0006f2070f/960x0.jpg?cropX1=3413&cropX2=11727&cropY1=0&cropY2=4677,3 Reasons Why You Should Use This Crisis To Make A Change,Jeroen Kraaijenbrink,13 mai 2020,https://www.forbes.com/sites/jeroenkraaijenbrink/2020/05/13/3-reasons-why-you-should-use-this-crisis-to-make-a-change/#44cda6a356f5,,,,,,,,,,,,,,,,
https://thumbor.forbes.com/thumbor/960x0/https%3A%2F%2Fspecials-images.forbesimg.com%2Fdam%2Fimageserve%2F1132118004%2F960x0.jpg%3Ffit%3Dscale,Bold Ideas For A Time That Requires Thinking Differently,Tessa White,12 mai 2020,https://www.forbes.com/sites/forbeshumanresourcescouncil/2020/05/12/bold-ideas-for-a-time-that-requires-thinking-differently/#33509b8983ea,,,,,,,,,,,,,,,,
https://thumbor.forbes.com/thumbor/960x0/https%3A%2F%2Fspecials-images.forbesimg.com%2Fdam%2Fimageserve%2F1097994624%2F960x0.jpg%3Ffit%3Dscale,How To Pivot In A Time Of Crisis,Marc Emmer,12 mai 2020,https://www.forbes.com/sites/forbesbusinesscouncil/2020/05/12/how-to-pivot-in-a-time-of-crisis/#5ad4f8c83229,,,,,,,,,,,,,,,,
https://specials-images.forbesimg.com/imageserve/537173355/960x0.jpg?fit=scale,Change Management Strategies For Getting Back To Work: 10 Ways To Ensure Success,Tracy Brower,10 mai 2020,https://www.forbes.com/sites/tracybrower/2020/05/10/change-management-strategies-for-getting-back-to-work-10-ways-to-ensure-success/#46265bca72b4,,,,,,,,,,,,,,,,
https://specials-images.forbesimg.com/imageserve/1223907948/960x0.jpg?cropX1=0&cropX2=4664&cropY1=401&cropY2=3024,How Innovative Can Companies Really Be After A Crisis?,Tendayi Viki,10 mai 2020,https://www.forbes.com/sites/tendayiviki/2020/05/10/how-innovative-can-companies-really-be-after-a-crisis/#3317638b6919,,,,,,,,,,,,,,,,
https://thumbor.forbes.com/thumbor/960x0/https%3A%2F%2Fspecials-images.forbesimg.com%2Fdam%2Fimageserve%2F519939579%2F960x0.jpg%3Ffit%3Dscale,Process Mapping In An Age Of Uncertainty,Eric Johnson,08 mai 2020,https://www.forbes.com/sites/forbestechcouncil/2020/05/08/process-mapping-in-an-age-of-uncertainty/#4599a58f7cd8,,,,,,,,,,,,,,,,
https://thumbor.forbes.com/thumbor/960x0/https%3A%2F%2Fspecials-images.forbesimg.com%2Fdam%2Fimageserve%2F597273321%2F960x0.jpg%3Ffit%3Dscale,Trends That Will Emerge During The Transition From B.C. To A.D.,Giri Devanur,04 mai 2020,https://www.forbes.com/sites/forbestechcouncil/2020/05/04/trends-that-will-emerge-during-the-transition-from-b-c-to-a-d/#1a6aa18810f2,,,,,,,,,,,,,,,,
https://specials-images.forbesimg.com/imageserve/1211325947/960x0.jpg?fit=scale,The Implications Of Remote Working As The Workplace Of The Future,Tracey Welson-Rossman,28 avril 2020,https://www.forbes.com/sites/traceywelsonrossman/2020/04/28/the-implications-of-remote-working-as-the-workplace-of-the-future/#2afc5b585ed2 ,,,,,,,,,,,,,,,,
https://thumbor.forbes.com/thumbor/400x0/smart/https%3A%2F%2Fspecials-images.forbesimg.com%2Fimageserve%2F5d5abc222dedcb0008e07408%2F960x0.jpg%3FcropX1%3D0%26cropX2%3D1000%26cropY1%3D0%26cropY2%3D1000,Business Transformation Consultant Shares His Method For Lasting Change,Forbes Press Releases,28 avril 2020,https://www.forbes.com/sites/partnerreleases/2020/04/28/business-transformation-consultant-shares-his-method-for-lasting-change/#649d1c0516d9,,,,,,,,,,,,,,,,
https://thumbor.forbes.com/thumbor/400x0/smart/https%3A%2F%2Fspecials-images.forbesimg.com%2Fimageserve%2F5dea6889e961e100078f4ec2%2F960x0.jpg%3FcropX1%3D0%26cropX2%3D2400%26cropY1%3D142%26cropY2%3D2542,What Viral YouTube Videos Can Teach Us About Organizational Communication,"Jaime Potter, PhD",20 avril 2020,https://www.forbes.com/sites/jaimepotter/2020/04/20/what-viral-youtube-videos-can-teach-us-about-organizational-communication/#53ade5236fe6,,,,,,,,,,,,,,,,